,Model Name,MAE,MAPE,RMSE
0,XGBoost Regressor,665.3308733631326,0.09798699820772185,958.7157451550222
